{
	"$baseURI": "https://yal.cc/r/20/pixelfont/",
	"$version": "1.0",
	"in-glyphs": [
		" !\\\"#$%&'()*+,-/",
		"0123456789:;<=>?",
		".ABCDEFGHIJKLMNO",
		"PQRSTUVWXYZ[]^_@",
		"`abcdefghijklmno",
		"pqrstuvwxyz{|}~∎",
		"¡¢£¤¥¦§¨ª«¬¯°±²³",
		"´µ¶·¸¹º»¼½¾¿€ÀÁÂ",
		"ÃÄÅÆÇÈÉÊËÌÍÎÏÐÑÒ",
		"ÓÔÕÖ×ØÙÚÛÜÝÞßàáâ",
		"ãäåæçèéêëìíîïðñò",
		"óôõö÷øùúûüýþÿĀāĂ",
		"ăĄąĆćĈĉĊċČčĎďĐđĒ",
		"ēĔĕĖėĘęĚěĜĝĞğĠġĢ",
		"ģĤĥĦħĨĩĪīĬĭĮįİıĴ",
		"ĵĶķĸĹĺĻļĽľĿŀŁłŃń",
		"ŅņŇňŉŊŋŌōŎŏŐőŒœŔ",
		"ŕŖŗŘřŚśŜŝŞşŠšŢţŤ",
		"ťŦŧŨũŪūŬŭŮůŰűŲųŴ",
		"ŵŶŷŸŹźŻżŽž"
	],
	"glyph-color": "auto",
	"in-kerning": [
		""
	],
	"glyph-width": 7,
	"glyph-height": 11,
	"glyph-ofs-x": 1,
	"glyph-ofs-y": 6,
	"glyph-sep-x": 8,
	"glyph-sep-y": 9,
	"glyph-base-x": 0,
	"glyph-baseline": 11,
	"glyph-spacing": 1,
	"font-is-mono": true,
	"font-em-square": 1024,
	"font-line-gap": 0,
	"font-ascend": 1024,
	"font-descend": 0,
	"font-px-size": 93.09,
	"contour-type": "pixel",
	"font-type": "ttf",
	"font-name": "Not Jam Mono Prophet 11",
	"font-author": "Not Jam",
	"font-copy": "CC0",
	"font-version": "1.0.0",
	"font-desc": "A monospace font taking cues from uncial script",
	"font-license": "CC0",
	"font-license-url": "",
	"font-sample-text": "The quick brown fox jumps over a lazy dog",
	"font-preview-text": [
		"THE QUICK BROWN FOX JUMPS OVER A LAZY DOG.",
		"the quick brown fox jumps over a lazy dog.",
		"0123456789"
	]
}